topic_words3,Erakonna Eestimaa Rohelised fraktsioon,Isamaa ja Res Publica Liidu fraktsioon,difference
tulumaksuvaba maksususteemi tulumaksu,0.028169014084507,0.0296442687747035,-5.23715415019758
uliopilased uliopilastele uliopilaste,0.028169014084507,0.025691699604743,8.794466403162215
valispoliitika valispoliitikas diplomaatia,0.0140845070422535,0.0118577075098814,15.81027667984194
inimarengu aruanne aruandes,0.0140845070422535,0.0098814229249011,29.84189723320209
direktiivi direktiiv ulevotmise,0.0140845070422535,0.0098814229249011,29.84189723320209
valimisliitude volikogusse volikokku,0.0140845070422535,0.0079051383399209,43.873517786561536
riigikontrolli auditi auditit,0.0140845070422535,0.0079051383399209,43.873517786561536
vabatahtlike komandode paasteameti,0.0140845070422535,0.0079051383399209,43.873517786561536
elektri elektrit taastuvenergia,0.028169014084507,0.0177865612648221,36.85770750988145
rahvuse rahvust rahvusriik,0.028169014084507,0.0177865612648221,36.85770750988145
ajakirjandus ajakirjanduse ajakirjandust,0.0140845070422535,0.0059288537549407,57.90513833992097
liitlaste ohutorje keskmaa,0.0140845070422535,0.0059288537549407,57.90513833992097
iive sundimus iibe,0.0140845070422535,0.0059288537549407,57.90513833992097
pohiseadusega riigikohus oiguskantsler,0.0140845070422535,0.0059288537549407,57.90513833992097
jahimehed jahimeeste jahti,0.0140845070422535,0.0039525691699604,71.93675889328111
kaitsekulud kaitsekulutused kaitsekulude,0.0140845070422535,0.0039525691699604,71.93675889328111
krimmi agressiooni ukraina,0.0140845070422535,0.0039525691699604,71.93675889328111
teadus teaduse arendustegevuse,0.0140845070422535,0.0019762845849802,85.96837944664057
ammendumiseni kaheni pikendada,0.0140845070422535,0.0019762845849802,85.96837944664057
samba sammas sambasse,0.0140845070422535,0.0019762845849802,85.96837944664057
aasia aasias saatkonna,0.0140845070422535,0.0019762845849802,85.96837944664057
moisteid moiste moisted,0.0140845070422535,0.0019762845849802,85.96837944664057
koneleja konsensuslikud repliigi,0.0140845070422535,0.0019762845849802,85.96837944664057
pollumeestele pollumehi pollumehed,0.0140845070422535,0.0019762845849802,85.96837944664057
eriarstide eriarstiabi eriarsti,0.0422535211267605,0.0197628458498023,53.22793148880115
kohtunike kohtususteem kohtuniku,0.028169014084507,0.0059288537549407,78.95256916996047
huvigruppe huvigruppide kaasatud,0.028169014084507,0.0059288537549407,78.95256916996047
tooandja tervisesse maksuvabalt,0.028169014084507,0.0019762845849802,92.98418972332027
arengukavad arengukavade pohialuste,0.028169014084507,0.0039525691699604,85.96837944664057
loomi loomade loomad,0.0422535211267605,0.0019762845849802,95.3227931488802
kaibemaksu kaibemaks kaibemaksumaara,0.056338028169014,0.0039525691699604,92.98418972332027
metsa metsade mets,0.0704225352112676,0.0039525691699604,94.38735177865624
hoone rkas hoonet,0.0985915492957746,0.0217391304347826,77.95031055900623
energiaagentuur agentuuri agentuur,0.056338028169014,0.0,100.0
kala kalurid kalurite,0.028169014084507,0.0,100.0
magustatud suhkrut joogi,0.0140845070422535,0.0,100.0
liiklussurmade liikluses hukkunute,0.0140845070422535,0.0,100.0
id mobiil kaardi,0.0140845070422535,0.0,100.0
huvihariduse huvitegevuse huviharidus,0.0140845070422535,0.0,100.0
talupidajate kaubanduskoja kaubanduskoda,0.0140845070422535,0.0,100.0
untso missioonide liikmesusest,0.0140845070422535,0.0,100.0
vaesuses suhtelises vaesuse,0.0140845070422535,0.0,100.0
objekti anu raua,0.0,0.0,
annetus erjk annetuse,0.0,0.0,
riigipalgaliste riigisektoris koondada,0.0,0.0,
riigimetsa majandamise noukokku,0.0,0.0,
riigiabi komisjonilt loa,0.0,0.0,
relva relvade relvaluba,0.0,0.0,
rahvahaaletuse rahvahaaletus rahvahaaletusel,0.0,0.0,
rahvaalgatuse rahvaalgatus rahvahaaletus,0.0,0.0,
raamatukogu pimedate raamatukogude,0.0,0.0,
president ilves presidendi,0.0,0.0,
post posti omniva,0.0,0.0,
poolte kokkuleppel huvitise,0.0,0.0,
piirikontrolli schengeni valispiiri,0.0,0.0,
pensioni pension sammas,0.0,0.0,
opositsiooni koalitsioonil opositsioonil,0.0,0.0,
operatsioonil sojalisel panustamisel,0.0,0.0,
ooteala piiriuletuse piiripunkti,0.0,0.0,
omandireformi tagastatud omandireform,0.0,0.0,
oigusriik oigusriigi oigusriigist,0.0,0.0,
aardla pria pealtnagija,0.0,0.0,
abielu kooselu samasooliste,0.0,0.0,
riigireformi riigireformist riigireform,0.0,0.0,
rongi rongide rongid,0.0,0.0,
salastatud valisteabe riigisaladuse,0.0,0.0,
tootuna arvele ariuhingu,0.0,0.0,
veb fondi uurimiskomisjon,0.0,0.0,
valimiskomisjon proteste valimiskasti,0.0,0.0,
valdkonnad laekumisest fikseeritakse,0.0,0.0,
vagivalla naistevastase perevagivalla,0.0,0.0,
utah jordaania energia,0.0,0.0,
uhistranspordi uhistransport uhistransporti,0.0,0.0,
ts parvlaeva parvlaevad,0.0,0.0,
treenerite spordi sport,0.0,0.0,
tooandja tooandjal tootaja,0.0,0.0,
skais arendused infosusteemide,0.0,0.0,
teenuseid teenused teenust,0.0,0.0,
teekasutustasu autode autod,0.0,0.0,
teatri teater rahvusooper,0.0,0.0,
tarbijakaitse amet ametile,0.0,0.0,
tantsupeo laulu traditsiooni,0.0,0.0,
suuria euroopasse turgis,0.0,0.0,
sularaha kommertspangad pangad,0.0,0.0,
slovakkia ungari portugal,0.0,0.0,
ametipalkade riigiteenijate korgemate,0.0,0.0,
annetused annetusi annetuste,0.0,0.0,
noukogudesse ariuhingute noukogudes,0.0,0.0,
apteeke apteegid apteekide,0.0,0.0,
koolituse koolitus koolitusele,0.0,0.0,
koosoleku elektrooniline koosolekut,0.0,0.0,
korrata stenogrammist vabandan,0.0,0.0,
korruptsiooni korruptsioon korruptsiooniga,0.0,0.0,
kusija vastaja vastasin,0.0,0.0,
laari laar kandidatuuri,0.0,0.0,
lae korgepalgaliste lagi,0.0,0.0,
lahususe voimude lahusus,0.0,0.0,
lipu laevu kaubalaeva,0.0,0.0,
lipud lippude lipp,0.0,0.0,
lisaeelarve lisaeelarves lisaeelarvega,0.0,0.0,
maantee neljarealiseks ppp,0.0,0.0,
maavalitsuste maavalitsused maakonna,0.0,0.0,
matusetoetust matusetoetus matusetoetuse,0.0,0.0,
mes maale maaelu,0.0,0.0,
muugimaksu muugimaks paadimaksu,0.0,0.0,
muundatud geneetiliselt gmo,0.0,0.0,
muuseum muuseumi muuseumide,0.0,0.0,
nord stream streami,0.0,0.0,
konkurss konkursi konkurssi,0.0,0.0,
kohtla jarve johvi,0.0,0.0,
oiglase virumaale ulemineku,0.0,0.0,
hambaravi hammaste hambad,0.0,0.0,
danske filiaali rahapesu,0.0,0.0,
deklaratsiooni deklaratsioone deklaratsioonis,0.0,0.0,
domeenide domeeni interneti,0.0,0.0,
eripensioni valjateenitud staazi,0.0,0.0,
erso teatri kontserdi,0.0,0.0,
estonian air airi,0.0,0.0,
haaletamissedel haaletamiskasti sedeli,0.0,0.0,
hadaolukorda eriolukord eriolukorra,0.0,0.0,
hanke hankija riigihangete,0.0,0.0,
kauguhendus avaksite ettekandjalt,0.0,0.0,
hansson ardo panga,0.0,0.0,
hiv narkomaania epideemia,0.0,0.0,
hooldekodus hoolduse hooldekodu,0.0,0.0,
inflatsiooni inflatsioon hinnatous,0.0,0.0,
jarviku jarvik maaeluministri,0.0,0.0,
kandidaati kandidaat valituks,0.0,0.0,
kandideerima ametikohale kandidaatide,0.0,0.0,
kantsler kantsleri riigisekretar,0.0,0.0,
keeleoskust oskuse keeleoskuse,0.0,0.0,
memorandumi moistmise memorandum,0.0,0.0019762845849802,-inf
reklaami reklaam alkoholireklaam,0.0,0.0019762845849802,-inf
lng terminali gaasi,0.0,0.0019762845849802,-inf
palgalohe soolist meeste,0.0,0.0177865612648221,-inf
leping ratifitseerida lepinguga,0.0,0.0019762845849802,-inf
riigiloivude riigiloivud riigiloivu,0.0,0.0039525691699604,-inf
salvestisi salvestised salvestiste,0.0,0.0039525691699604,-inf
virumaale virumaa toostusalade,0.0,0.0019762845849802,-inf
vee monopolide veeteenuse,0.0,0.0059288537549407,-inf
vanemahuvitist vanemahuvitise vanemahuvitis,0.0,0.0039525691699604,-inf
vallaga vald sauga,0.0,0.0059288537549407,-inf
valitsemisalade katteallikaks riigieelarves,0.0,0.0118577075098814,-inf
valismaale valjarande valjaranne,0.0,0.0019762845849802,-inf
valimisea valimisiga valimisoiguse,0.0,0.0039525691699604,-inf
valijate erakonda valijaid,0.0,0.0039525691699604,-inf
vaikesaarte saarte pusiasustusega,0.0,0.0059288537549407,-inf
vagivallale vihakone ohutamine,0.0,0.0059288537549407,-inf
uuring uuringut uuringu,0.0,0.0019762845849802,-inf
ulikooliga kbfi instituudi,0.0,0.0019762845849802,-inf
ulejaagis struktuurses struktuurse,0.0,0.0098814229249011,-inf
riigipuha puhade tahtpaevade,0.0,0.0019762845849802,-inf
ugri rahvaste polisrahvaste,0.0,0.0138339920948616,-inf
tulubaasi omavalitsustele omavalitsuste,0.0,0.0059288537549407,-inf
tsernoboli represseeritud oigusvastaselt,0.0,0.0098814229249011,-inf
toovoimereformi toovoimega toovoimereform,0.0,0.0019762845849802,-inf
tootuid tootute tootu,0.0,0.0039525691699604,-inf
liibanonis missioonil pikendamine,0.0,0.0019762845849802,-inf
majandusaasta koondaruanne raamatupidamise,0.0,0.0079051383399209,-inf
keskkonnaameti uhendamine uhendamise,0.0,0.0019762845849802,-inf
maksuamet tolliamet tolliameti,0.0,0.0237154150197628,-inf
rail trassi balticu,0.0,0.0059288537549407,-inf
puude raskusastme puuet,0.0,0.0019762845849802,-inf
psuhhiaatri alaealine psuhhiaatrilist,0.0,0.0039525691699604,-inf
prokuratuur prokuratuuri prokuror,0.0,0.0158102766798418,-inf
planeeringu keskkonnamoju keskkonnamojude,0.0,0.0039525691699604,-inf
piirivalve valvamise valvamine,0.0,0.0059288537549407,-inf
piirilepingu piirileping piirilepingut,0.0,0.0039525691699604,-inf
piima toorpiima toodangut,0.0,0.0019762845849802,-inf
pensionitous pensionitousu pension,0.0,0.0039525691699604,-inf
pensioniiga pensioniea eluiga,0.0,0.0019762845849802,-inf
pensionifondide pensionifondid fondid,0.0,0.0059288537549407,-inf
pealinnast tallinnast viljandisse,0.0,0.0019762845849802,-inf
riigikontrolor karis riigikontrolori,0.0,0.0039525691699604,-inf
palgatousu opetajate palgatous,0.0,0.0059288537549407,-inf
pagulasi pagulased pagulaste,0.0,0.0039525691699604,-inf
otsevalimise presidenti presidendi,0.0,0.0039525691699604,-inf
oppelaenu sugava puudega,0.0,0.0019762845849802,-inf
opositsioonis koalitsiooni opositsiooni,0.0,0.0039525691699604,-inf
ootuse oigusparase oiguskindluse,0.0,0.0019762845849802,-inf
oigusloome oigusloomes oiguspoliitika,0.0,0.0039525691699604,-inf
normitehnika mojude eeskiri,0.0,0.0019762845849802,-inf
missiooni missioonile missioon,0.0,0.0019762845849802,-inf
voidusamba vabadussoja uurimiskomisjon,0.0,0.0019762845849802,-inf
toonadalal istungid taiendaval,0.0,0.0039525691699604,-inf
tervist tervis tervisega,0.0,0.0019762845849802,-inf
terviseandmed isikuandmeid terviseandmeid,0.0,0.0059288537549407,-inf
teenistuse teenistuses avalikus,0.0,0.0019762845849802,-inf
arengufond arengufondi arengufondis,0.0,0.0079051383399209,-inf
ametiuhingute tooandjate keskliit,0.0,0.0019762845849802,-inf
alkoholi kange lahja,0.0,0.0158102766798418,-inf
aituma infotundi jahimehed,0.0,0.0098814229249011,-inf
abipolitseinik abipolitseiniku abipolitseinike,0.0,0.0039525691699604,-inf
elatisraha elatisabi elatise,0.0,0.0019762845849802,-inf
kaitseliit kaitseliidule kaitseliidu,0.0,0.0059288537549407,-inf
idapiiri piiririba valjaehitamine,0.0,0.0059288537549407,-inf
kodakondsust kodakondsuse kodanikuks,0.0,0.0019762845849802,-inf
koolilouna koolitoidu koolitoit,0.0,0.0079051383399209,-inf
kirik kiriku maarja,0.0,0.0039525691699604,-inf
kandidaadi kandidaati kandidaat,0.0,0.0019762845849802,-inf
koolis kooli opilased,0.0,0.0138339920948616,-inf
kinnisasja maad maa,0.0,0.0098814229249011,-inf
korterelamute kortermajade kredexi,0.0,0.0059288537549407,-inf
kodualuse maamaksu maamaksust,0.0,0.1383399209486166,-inf
kulukuse krediidi kiirlaenude,0.0,0.0019762845849802,-inf
katteallikas katteallikaid katteallikat,0.0,0.0138339920948616,-inf
kasvavad tuleval kasv,0.0,0.0079051383399209,-inf
korterid kortereid korterit,0.0,0.0039525691699604,-inf
korteriuhistu korteriomanike korteriuhistute,0.0,0.0039525691699604,-inf
kusimusena tahtsa tahtsusega,0.0,0.0039525691699604,-inf
karistuse karistus tingimisi,0.0,0.0059288537549407,-inf
borsile ipo enefit,0.0,0.0019762845849802,-inf
eelarvele kulude riigieelarvele,0.0,0.0098814229249011,-inf
eelarves riigieelarves reservist,0.0,0.0098814229249011,-inf
jalitustegevuse jalitustoimingu sideandmete,0.0,0.0098814229249011,-inf
teede teehoiuks teedele,0.0,0.0019762845849802,-inf
tapsustatakse ajakohastatakse nouete,0.0,0.0098814229249011,-inf
taanis saksamaal hollandis,0.0,0.0019762845849802,-inf
soita jalakaija konniteel,0.0,0.0019762845849802,-inf
seksuaalse vangistusega vaarkohtlemise,0.0,0.0019762845849802,-inf
tulubaasi tasandusfondi tulumaksuosa,0.0,0.0118577075098814,-inf
lasteaia lasteaias lasteaiakoha,0.0,0.0197628458498023,-inf
volakirjade keskpank volakirju,0.0,0.0059288537549407,-inf
kutsehariduse kutseharidus kutsehariduses,0.0,0.0039525691699604,-inf
joustumine joustuma joustada,0.0,0.0177865612648221,-inf
jaatmeid liigiti prugi,0.0,0.0039525691699604,-inf
efsf esm kreekale,0.0,0.0217391304347826,-inf
lapsetoetust lapsetoetus lapsetoetuse,0.0,0.0197628458498023,-inf
haiguspaevade haiguspaevi haiguspaeva,0.0,0.0039525691699604,-inf
haalte kandidaatidele haaletamisest,0.0,0.0019762845849802,-inf
haale valimispaeval valimiste,0.0,0.0019762845849802,-inf
fie fuusilisest isikust,0.0,0.0019762845849802,-inf
etv saateid pbk,0.0,0.0019762845849802,-inf
erimargistatud kutust kutuse,0.0,0.0019762845849802,-inf
kaasne lisakulutusi riigieelarvele,0.0,0.0039525691699604,-inf
ene ergma aplaus,0.0,0.0019762845849802,-inf
elamisluba elamisloa viisa,0.0,0.0039525691699604,-inf
volitust kaasuses jarvik,0.0,0.0,
